[
  {
    "MessageType": "CC.ChatMessage",
    "MessageBody": {
      "SessionID": "4qnemOZc-BP",
      "ChatRoute": "webchat",
      "ClientType": "user",
      "SendTime": "2019-05-22 00:54:31",
      "Body": {
        "Type": "Text",
        "Content": {
          "Text": "是",
          "Emotion": 2.5
        }
      }
    }
  },
  {
    "MessageType": "CC.ChatMessage",
    "MessageBody": {
      "SessionID": "4qnemOZc-BP",
      "ChatRoute": "webchat",
      "ClientType": "user",
      "SendTime": "2019-05-22 02:07:16",
      "SourceUrl": "https://cube-resources.lenovo.com.cn/cube/Image/20195/22048154088965571558462036955.png",
      "Body": {
        "Type": "Image",
        "Content": {
          "MediaUrl": "https://cube-resources.lenovo.com.cn/cube/Image/20195/22048154088965571558462036955.png"
        }
      }
    }
  }
]
