{
  "statusCode": 200,
  "message": {
    "info": "Success"
  },
  "data": [
    {
      "id": "4qnemOZc-BP",
      "cube_uid": "Orz5ce42118be209_wwhJecA9wjm",
      "customer_id": "",
      "open_id": "",
      "user_name": "",
      "user_avatar": "",
      "phone": "",
      "phone_conn_id": "",
      "engineer_code": "X73523",
      "status": 7,
      "type": 2,
      "from": 2,
      "start_talking_at": "2019-05-22 00:06:31",
      "end_talking_at": "1970-01-01 08:00:00",
      "emotion": 0,
      "client_type": "webchat",
      "access_name": "\u4f55\u5f3a\u6d4b\u8bd5\u961f\u52172",
      "business_name": "qiangge-test",
      "team": "XX",
      "last_queue_code": "",
      "current_queue_code": "heqiang6-25ce4219828b9f",
      "next_queue_code": "",
      "model": "",
      "sn": "",
      "province": "",
      "city": "",
      "address": "",
      "consult_way": 3,
      "created_at": "2019-05-22 00:06:31",
      "updated_at": "2019-05-22 00:06:31"
    }
  ]
}
